[{"model": "auth.permission", "pk": 1, "fields": {"name": "Can add log entry", "content_type": 1, "codename": "add_logentry"}}, {"model": "auth.permission", "pk": 2, "fields": {"name": "Can change log entry", "content_type": 1, "codename": "change_logentry"}}, {"model": "auth.permission", "pk": 3, "fields": {"name": "Can delete log entry", "content_type": 1, "codename": "delete_logentry"}}, {"model": "auth.permission", "pk": 4, "fields": {"name": "Can view log entry", "content_type": 1, "codename": "view_logentry"}}, {"model": "auth.permission", "pk": 5, "fields": {"name": "Can add permission", "content_type": 2, "codename": "add_permission"}}, {"model": "auth.permission", "pk": 6, "fields": {"name": "Can change permission", "content_type": 2, "codename": "change_permission"}}, {"model": "auth.permission", "pk": 7, "fields": {"name": "Can delete permission", "content_type": 2, "codename": "delete_permission"}}, {"model": "auth.permission", "pk": 8, "fields": {"name": "Can view permission", "content_type": 2, "codename": "view_permission"}}, {"model": "auth.permission", "pk": 9, "fields": {"name": "Can add group", "content_type": 3, "codename": "add_group"}}, {"model": "auth.permission", "pk": 10, "fields": {"name": "Can change group", "content_type": 3, "codename": "change_group"}}, {"model": "auth.permission", "pk": 11, "fields": {"name": "Can delete group", "content_type": 3, "codename": "delete_group"}}, {"model": "auth.permission", "pk": 12, "fields": {"name": "Can view group", "content_type": 3, "codename": "view_group"}}, {"model": "auth.permission", "pk": 13, "fields": {"name": "Can add content type", "content_type": 4, "codename": "add_contenttype"}}, {"model": "auth.permission", "pk": 14, "fields": {"name": "Can change content type", "content_type": 4, "codename": "change_contenttype"}}, {"model": "auth.permission", "pk": 15, "fields": {"name": "Can delete content type", "content_type": 4, "codename": "delete_contenttype"}}, {"model": "auth.permission", "pk": 16, "fields": {"name": "Can view content type", "content_type": 4, "codename": "view_contenttype"}}, {"model": "auth.permission", "pk": 17, "fields": {"name": "Can add session", "content_type": 5, "codename": "add_session"}}, {"model": "auth.permission", "pk": 18, "fields": {"name": "Can change session", "content_type": 5, "codename": "change_session"}}, {"model": "auth.permission", "pk": 19, "fields": {"name": "Can delete session", "content_type": 5, "codename": "delete_session"}}, {"model": "auth.permission", "pk": 20, "fields": {"name": "Can view session", "content_type": 5, "codename": "view_session"}}, {"model": "auth.permission", "pk": 21, "fields": {"name": "Can add custom user", "content_type": 6, "codename": "add_customuser"}}, {"model": "auth.permission", "pk": 22, "fields": {"name": "Can change custom user", "content_type": 6, "codename": "change_customuser"}}, {"model": "auth.permission", "pk": 23, "fields": {"name": "Can delete custom user", "content_type": 6, "codename": "delete_customuser"}}, {"model": "auth.permission", "pk": 24, "fields": {"name": "Can view custom user", "content_type": 6, "codename": "view_customuser"}}, {"model": "auth.permission", "pk": 25, "fields": {"name": "Can add author", "content_type": 7, "codename": "add_author"}}, {"model": "auth.permission", "pk": 26, "fields": {"name": "Can change author", "content_type": 7, "codename": "change_author"}}, {"model": "auth.permission", "pk": 27, "fields": {"name": "Can delete author", "content_type": 7, "codename": "delete_author"}}, {"model": "auth.permission", "pk": 28, "fields": {"name": "Can view author", "content_type": 7, "codename": "view_author"}}, {"model": "auth.permission", "pk": 29, "fields": {"name": "Can add book", "content_type": 8, "codename": "add_book"}}, {"model": "auth.permission", "pk": 30, "fields": {"name": "Can change book", "content_type": 8, "codename": "change_book"}}, {"model": "auth.permission", "pk": 31, "fields": {"name": "Can delete book", "content_type": 8, "codename": "delete_book"}}, {"model": "auth.permission", "pk": 32, "fields": {"name": "Can view book", "content_type": 8, "codename": "view_book"}}, {"model": "auth.permission", "pk": 33, "fields": {"name": "Can add order", "content_type": 9, "codename": "add_order"}}, {"model": "auth.permission", "pk": 34, "fields": {"name": "Can change order", "content_type": 9, "codename": "change_order"}}, {"model": "auth.permission", "pk": 35, "fields": {"name": "Can delete order", "content_type": 9, "codename": "delete_order"}}, {"model": "auth.permission", "pk": 36, "fields": {"name": "Can view order", "content_type": 9, "codename": "view_order"}}, {"model": "contenttypes.contenttype", "pk": 1, "fields": {"app_label": "admin", "model": "logentry"}}, {"model": "contenttypes.contenttype", "pk": 2, "fields": {"app_label": "auth", "model": "permission"}}, {"model": "contenttypes.contenttype", "pk": 3, "fields": {"app_label": "auth", "model": "group"}}, {"model": "contenttypes.contenttype", "pk": 4, "fields": {"app_label": "contenttypes", "model": "contenttype"}}, {"model": "contenttypes.contenttype", "pk": 5, "fields": {"app_label": "sessions", "model": "session"}}, {"model": "contenttypes.contenttype", "pk": 6, "fields": {"app_label": "authentication", "model": "customuser"}}, {"model": "contenttypes.contenttype", "pk": 7, "fields": {"app_label": "author", "model": "author"}}, {"model": "contenttypes.contenttype", "pk": 8, "fields": {"app_label": "book", "model": "book"}}, {"model": "contenttypes.contenttype", "pk": 9, "fields": {"app_label": "order", "model": "order"}}, {"model": "sessions.session", "pk": "6zpdig6pivjk3b88t9694z2p4rjoazpm", "fields": {"session_data": "eyJ1c2VyIjoidXNlcjVAZW1haWwuY29tIiwicm9sZSI6MH0:1ov4Xn:l_yvygQw91clobo7SNXCh0w8ZgGHasGmfumLV81sZEg", "expire_date": "2022-11-29T22:36:39.802Z"}}, {"model": "sessions.session", "pk": "9zj391zgrva23i8lyq1ajdldvde2tofz", "fields": {"session_data": "eyJ1c2VyIjoidXNlcjFAZW1haWwuY29tIiwicm9sZSI6MX0:1ouiKO:dOY8L7LLu0DgVijGwz8Ek8aycUbFSchS-gotMNeDnm0", "expire_date": "2022-11-28T22:53:20.410Z"}}, {"model": "sessions.session", "pk": "evw5guf28ywm4dblkufhb31aw2h9p3q9", "fields": {"session_data": "eyJ1c2VyIjoidXNlcjFAZW1haWwuY29tIiwicm9sZSI6MX0:1ouu37:VzicPa4PQcm5CIgpx_EjYpqxLB562GuQhYaXZgxnjz8", "expire_date": "2022-11-29T11:24:17.990Z"}}, {"model": "sessions.session", "pk": "f4kl3tvvm6fvjso8lu17pz6d7xtmzre9", "fields": {"session_data": "eyJ1c2VyIjoidGVzdEBnbWFpbC5jb20iLCJyb2xlIjowfQ:1ovDq8:NwPQFTEu0qtuTIrxbO-srllLJtwpLulyg5tAPiAJ65Y", "expire_date": "2022-11-30T08:32:12.486Z"}}, {"model": "sessions.session", "pk": "k4c3iv0q6gruiqvzu4a1xtqgytjm9gmj", "fields": {"session_data": "eyJ1c2VyIjoiYXNkYXMyQGFzZGEuY29tIiwicm9sZSI6MH0:1oui2A:26WNdE36Lop8hes8mn0GH9Q7i9Lu0a0XurcGsk_qyjo", "expire_date": "2022-11-28T22:34:30.217Z"}}, {"model": "sessions.session", "pk": "mna028urgvd0dezp0pcmikwu9rc01s5e", "fields": {"session_data": "eyJ1c2VyIjoidXNlcjFAZW1haWwuY29tIiwicm9sZSI6MH0:1ouhXT:qqZ2sHmnnQz8tin08r7sWyhLief1ZoPCX2vacyXQ5dg", "expire_date": "2022-11-28T22:02:47.221Z"}}, {"model": "sessions.session", "pk": "tg74q42sdp37cinsov3u2f22ojmiz6uo", "fields": {"session_data": "eyJ1c2VyX2lkIjozfQ:1ovcAn:wQG26FpfNrsiQKBkuZ9vd4tMAHp7HdyL9rGRWziJQk4", "expire_date": "2022-12-01T10:31:09.133Z"}}, {"model": "sessions.session", "pk": "w1elpahgq3p3gu78qyh95uc88bkhgiht", "fields": {"session_data": "eyJ1c2VyIjoidXNlcjJAZW1haWwuY29tIiwicm9sZSI6MH0:1ova0I:9IKC57lbBt4ERN6MTgjwplLQD9mQIpIeTZ5lyjDycGo", "expire_date": "2022-12-01T08:12:10.363Z"}}, {"model": "authentication.customuser", "pk": 1, "fields": {"last_login": null, "first_name": "Librarian", "last_name": "Lastname", "middle_name": "", "email": "user1@email.com", "password": "asdf", "created_at": "2022-11-15T18:12:41.018Z", "updated_at": "2022-11-15T18:12:41.018Z", "role": 1, "is_active": true}}, {"model": "authentication.customuser", "pk": 2, "fields": {"last_login": null, "first_name": "Visitora", "last_name": "user", "middle_name": "middle", "email": "user2@email.com", "password": "asdf", "created_at": "2022-11-17T08:43:53.825Z", "updated_at": "2022-11-17T08:43:53.825Z", "role": 0, "is_active": true}}, {"model": "authentication.customuser", "pk": 10, "fields": {"last_login": null, "first_name": "User", "last_name": "Three", "middle_name": "", "email": "user3@email.com", "password": "1qaSW@#EDfr4", "created_at": "2022-11-15T18:58:41.213Z", "updated_at": "2022-11-15T18:58:41.213Z", "role": 0, "is_active": true}}, {"model": "authentication.customuser", "pk": 11, "fields": {"last_login": null, "first_name": "User", "last_name": "Four", "middle_name": "4", "email": "user4@email.com", "password": "1", "created_at": "2022-11-15T19:09:03.970Z", "updated_at": "2022-11-15T19:09:03.970Z", "role": 0, "is_active": true}}, {"model": "authentication.customuser", "pk": 12, "fields": {"last_login": null, "first_name": "User", "last_name": "Five", "middle_name": "number", "email": "user5@email.com", "password": "asdf", "created_at": "2022-11-15T22:38:05.270Z", "updated_at": "2022-11-15T22:38:05.270Z", "role": 0, "is_active": true}}, {"model": "authentication.customuser", "pk": 13, "fields": {"last_login": null, "first_name": "test", "last_name": "test", "middle_name": "test", "email": "test@gmail.com", "password": "asdf", "created_at": "2022-11-16T08:31:57.569Z", "updated_at": "2022-11-16T08:31:57.569Z", "role": 0, "is_active": true}}, {"model": "authentication.customuser", "pk": 14, "fields": {"last_login": null, "first_name": "Some", "last_name": "Visitor", "middle_name": "middle", "email": "visitor@email.com", "password": "asdf", "created_at": "2022-11-17T09:38:44.212Z", "updated_at": "2022-11-17T09:38:44.212Z", "role": 0, "is_active": true}}, {"model": "author.author", "pk": 2, "fields": {"name": "name2", "surname": "surname2", "patronymic": "patronymic", "books": [4]}}, {"model": "author.author", "pk": 6, "fields": {"name": "name3", "surname": "surname3", "patronymic": "patronymic", "books": [4]}}, {"model": "author.author", "pk": 8, "fields": {"name": "Dante", "surname": "Alighieri", "patronymic": "      ", "books": [5]}}, {"model": "author.author", "pk": 9, "fields": {"name": "William", "surname": "Shakespeare", "patronymic": " ", "books": [8, 9, 10]}}, {"model": "author.author", "pk": 11, "fields": {"name": "Italo", "surname": "Calvino", "patronymic": " ", "books": [13]}}, {"model": "author.author", "pk": 12, "fields": {"name": "Miguel", "surname": "Saavedra", "patronymic": "de Cervantes y ", "books": []}}, {"model": "author.author", "pk": 13, "fields": {"name": "Franz", "surname": "Kafka", "patronymic": " ", "books": []}}, {"model": "author.author", "pk": 14, "fields": {"name": "Gabriel", "surname": "Márquez", "patronymic": "García", "books": [6, 7]}}, {"model": "author.author", "pk": 15, "fields": {"name": "Umberto", "surname": "Eco", "patronymic": " ", "books": [11, 12]}}, {"model": "author.author", "pk": 16, "fields": {"name": "_Unknown", "surname": "author", "patronymic": " ", "books": [15, 16]}}, {"model": "author.author", "pk": 17, "fields": {"name": "Taras", "surname": "Shevschenko", "patronymic": " ", "books": [14, 15]}}, {"model": "author.author", "pk": 18, "fields": {"name": "Lesya ", "surname": "Petrivna (Kosach)", "patronymic": "Ukrainka", "books": [16]}}, {"model": "book.book", "pk": 1, "fields": {"name": "Book 2+3", "description": "Book of 2 and 3", "count": 9}}, {"model": "book.book", "pk": 2, "fields": {"name": "Book 2+3", "description": "Book of 2 and 3", "count": 10}}, {"model": "book.book", "pk": 3, "fields": {"name": "Book 2+4", "description": "Book of 2 and 4", "count": 10}}, {"model": "book.book", "pk": 4, "fields": {"name": "Book 2+5", "description": "Book 2+5 desc", "count": 10}}, {"model": "book.book", "pk": 5, "fields": {"name": "Divine Comedy", "description": "The Divine Comedy is an Italian narrative poem.\r\nThe narrative takes as its literal subject the state of the soul after death and presents an image of divine justice meted out as due punishment or reward and describes Dantes travels to God", "count": 9}}, {"model": "book.book", "pk": 6, "fields": {"name": "Autumn of the Patriarch", "description": "A \"poem on the solitude of power\" according to the author, the novel is a flowing tract on the life of an eternal dictator. ", "count": 9}}, {"model": "book.book", "pk": 7, "fields": {"name": "One Hundred Years of Solitude", "description": "One Hundred Years of Solitude is the story of seven generations of the Buendía Family in the town of Macondo.", "count": 10}}, {"model": "book.book", "pk": 8, "fields": {"name": "Hamlet", "description": "To be or not to be", "count": 20}}, {"model": "book.book", "pk": 9, "fields": {"name": "Othello", "description": "Othello, a Moor and military general living in Venice, elopes with Desdemona, the daughter of a senator.", "count": 1}}, {"model": "book.book", "pk": 10, "fields": {"name": "Romeo and Juliet", "description": "In Verona, Italy, two families, the Montagues and the Capulets, are in the midst of a bloody feud. Romeo, a Montague, and Juliet, a Capulet, fall in love and struggle to maintain their relationship in the face of familial hatred.", "count": 1}}, {"model": "book.book", "pk": 11, "fields": {"name": "Serendipities: Language and Lunacy ", "description": "", "count": 3}}, {"model": "book.book", "pk": 12, "fields": {"name": "Mr. Palomar", "description": "Mr. Palomar is a 1983 novel by the Italian writer Italo Calvino. Its original Italian title is Palomar.", "count": 1}}, {"model": "book.book", "pk": 13, "fields": {"name": "Mr. Palomar", "description": "Mr. Palomar is a 1983 novel by the Italian writer Italo Calvino. Its original Italian title is Palomar.", "count": 1}}, {"model": "book.book", "pk": 14, "fields": {"name": "Kobzar", "description": "Kobzar", "count": 9}}, {"model": "book.book", "pk": 15, "fields": {"name": "Topolya", "description": "Poems", "count": 4}}, {"model": "book.book", "pk": 16, "fields": {"name": "Forest Song", "description": "The Forest Song is a poetic play in three acts by Lesya Ukrainka. The play was written in 1911 in the city of Kutaisi, and was first staged on November 22, 1918 at the Kyiv Drama Theater.", "count": 2}}, {"model": "order.order", "pk": 1, "fields": {"book": 4, "user": 12, "created_at": "2022-11-16T09:14:22.084Z", "end_at": null, "plated_end_at": "2022-11-16T00:00:00Z"}}, {"model": "order.order", "pk": 2, "fields": {"book": 11, "user": 2, "created_at": "2022-11-16T15:16:33.715Z", "end_at": null, "plated_end_at": "2022-11-22T00:00:00Z"}}, {"model": "order.order", "pk": 3, "fields": {"book": 11, "user": 2, "created_at": "2022-11-16T15:17:00.896Z", "end_at": null, "plated_end_at": "2022-11-17T00:00:00Z"}}, {"model": "order.order", "pk": 4, "fields": {"book": 11, "user": 2, "created_at": "2022-11-16T15:22:27.383Z", "end_at": null, "plated_end_at": "2022-11-20T00:00:00Z"}}, {"model": "order.order", "pk": 5, "fields": {"book": 14, "user": 2, "created_at": "2022-11-16T15:25:53.901Z", "end_at": null, "plated_end_at": "2022-11-17T00:00:00Z"}}, {"model": "order.order", "pk": 6, "fields": {"book": 1, "user": 2, "created_at": "2022-11-16T21:29:38.881Z", "end_at": null, "plated_end_at": "2022-11-16T00:00:00Z"}}, {"model": "order.order", "pk": 7, "fields": {"book": 6, "user": 2, "created_at": "2022-11-17T08:42:15.958Z", "end_at": null, "plated_end_at": "2022-11-25T00:00:00Z"}}, {"model": "order.order", "pk": 8, "fields": {"book": 15, "user": 2, "created_at": "2022-11-17T08:42:43.456Z", "end_at": null, "plated_end_at": "2022-11-17T00:00:00Z"}}, {"model": "order.order", "pk": 9, "fields": {"book": 5, "user": 14, "created_at": "2022-11-17T09:30:08.465Z", "end_at": null, "plated_end_at": "2022-11-19T00:00:00Z"}}]